{
  "hash": "25f12070",
  "configHash": "e6628dca",
  "lockfileHash": "428e5978",
  "browserHash": "3133aaa7",
  "optimized": {
    "react/jsx-dev-runtime": {
      "src": "../../node_modules/react/jsx-dev-runtime.js",
      "file": "react_jsx-dev-runtime.js",
      "fileHash": "c4b7b5f8",
      "needsInterop": true
    },
    "react": {
      "src": "../../node_modules/react/index.js",
      "file": "react.js",
      "fileHash": "f028e83a",
      "needsInterop": true
    },
    "react-dom/client": {
      "src": "../../node_modules/react-dom/client.js",
      "file": "react-dom_client.js",
      "fileHash": "1514d3d2",
      "needsInterop": true
    },
    "react-bootstrap": {
      "src": "../../node_modules/react-bootstrap/esm/index.js",
      "file": "react-bootstrap.js",
      "fileHash": "1111cb2e",
      "needsInterop": false
    },
    "react-router-dom": {
      "src": "../../node_modules/react-router-dom/dist/index.js",
      "file": "react-router-dom.js",
      "fileHash": "2fa2527e",
      "needsInterop": false
    },
    "@fortawesome/react-fontawesome": {
      "src": "../../node_modules/@fortawesome/react-fontawesome/index.es.js",
      "file": "@fortawesome_react-fontawesome.js",
      "fileHash": "adde2f81",
      "needsInterop": false
    },
    "@fortawesome/free-solid-svg-icons": {
      "src": "../../node_modules/@fortawesome/free-solid-svg-icons/index.mjs",
      "file": "@fortawesome_free-solid-svg-icons.js",
      "fileHash": "72fb456c",
      "needsInterop": false
    },
    "axios": {
      "src": "../../node_modules/axios/index.js",
      "file": "axios.js",
      "fileHash": "c91f9b0f",
      "needsInterop": false
    },
    "recharts": {
      "src": "../../node_modules/recharts/es6/index.js",
      "file": "recharts.js",
      "fileHash": "1ea5d1ef",
      "needsInterop": false
    },
    "@mui/material": {
      "src": "../../node_modules/@mui/material/index.js",
      "file": "@mui_material.js",
      "fileHash": "c4a3e8dd",
      "needsInterop": false
    },
    "@mui/icons-material/ArrowUpward": {
      "src": "../../node_modules/@mui/icons-material/ArrowUpward.js",
      "file": "@mui_icons-material_ArrowUpward.js",
      "fileHash": "2378d5b2",
      "needsInterop": true
    },
    "@mui/icons-material/ArrowDownward": {
      "src": "../../node_modules/@mui/icons-material/ArrowDownward.js",
      "file": "@mui_icons-material_ArrowDownward.js",
      "fileHash": "3a5c9f6b",
      "needsInterop": true
    },
    "zustand": {
      "src": "../../node_modules/zustand/esm/index.mjs",
      "file": "zustand.js",
      "fileHash": "f363b05d",
      "needsInterop": false
    },
    "styled-components": {
      "src": "../../node_modules/styled-components/dist/styled-components.browser.esm.js",
      "file": "styled-components.js",
      "fileHash": "44ac072a",
      "needsInterop": false
    },
    "@mui/icons-material/Edit": {
      "src": "../../node_modules/@mui/icons-material/Edit.js",
      "file": "@mui_icons-material_Edit.js",
      "fileHash": "e4403b95",
      "needsInterop": true
    },
    "@mui/icons-material/Delete": {
      "src": "../../node_modules/@mui/icons-material/Delete.js",
      "file": "@mui_icons-material_Delete.js",
      "fileHash": "8badb43d",
      "needsInterop": true
    },
    "@mui/material/Checkbox": {
      "src": "../../node_modules/@mui/material/Checkbox/index.js",
      "file": "@mui_material_Checkbox.js",
      "fileHash": "37cc3601",
      "needsInterop": false
    },
    "@mui/system": {
      "src": "../../node_modules/@mui/system/esm/index.js",
      "file": "@mui_system.js",
      "fileHash": "f19e99f9",
      "needsInterop": false
    }
  },
  "chunks": {
    "chunk-OR44YH3K": {
      "file": "chunk-OR44YH3K.js"
    },
    "chunk-QRDMSV67": {
      "file": "chunk-QRDMSV67.js"
    },
    "chunk-T5KXVJOC": {
      "file": "chunk-T5KXVJOC.js"
    },
    "chunk-MPGLKCME": {
      "file": "chunk-MPGLKCME.js"
    },
    "chunk-UMEDJZTI": {
      "file": "chunk-UMEDJZTI.js"
    },
    "chunk-XMLPR76G": {
      "file": "chunk-XMLPR76G.js"
    },
    "chunk-AQHXBISI": {
      "file": "chunk-AQHXBISI.js"
    },
    "chunk-O4VLLPLO": {
      "file": "chunk-O4VLLPLO.js"
    },
    "chunk-SI7QUU5X": {
      "file": "chunk-SI7QUU5X.js"
    },
    "chunk-V2Y6UQEQ": {
      "file": "chunk-V2Y6UQEQ.js"
    },
    "chunk-FLMWDGFC": {
      "file": "chunk-FLMWDGFC.js"
    },
    "chunk-AXANZMPT": {
      "file": "chunk-AXANZMPT.js"
    },
    "chunk-6OGPTH75": {
      "file": "chunk-6OGPTH75.js"
    },
    "chunk-FWNK54VO": {
      "file": "chunk-FWNK54VO.js"
    },
    "chunk-2PIBWAMS": {
      "file": "chunk-2PIBWAMS.js"
    },
    "chunk-V4OQ3NZ2": {
      "file": "chunk-V4OQ3NZ2.js"
    }
  }
}